"idprodutos";"titulo";"descricao";"valor";"quantidade";"imagem";"categorias_idcategorias";"marcas_idmarcas";"ativo";"imagem2";"imagem3"
8;"Puro Gel Babosa Multifuncional Natural de Aloe 210ml";"O que ele é?
O Puro Gel Multifuncional Natural de Aloe Vera da Livealoe é rico em enzimas, aminoácidos, vitaminas A, C, D, E, complexo B, sais minerais como cálcio, sódio, magnésio, manganês, ferro, zinco, potássio e cromo e ácidos graxos. É emoliente, umectante, reparador proteico, cicatrizante, antibacteriano, antifúngico e antivirótico. Serve como base neutra natural para protocolos estéticos, terapêuticos e de aromaterapia. Pode também ser usado para diluir argila ou óleos essenciais (4 gotas de óleo essencial para 25 ml do gel), proporcionando hidratação. Pode ser aplicado puro na pele para proporcionar nutrição e hidratação. Ainda ajuda em casos de oleosidade excessiva. Estimula a produção de colágeno, ajuda a cicatrização de tecidos lesados, principalmente que foram queimados por exposição solar. Sua textura é aquosa e sem cheiro.


Características:
• Produto Natural e Vegano certificado pelo IBD
• Possui propriedades hidratantes, emolientes e cicatrizantes
• Estimula a produção de colágeno
• Pode ser usado na pele e nos cabelos
O que ele tem?
Ingredientes
Composição: Aloe barbadensis gel* (Gel de a Aloe vera), Xylitol Caprylic Ester (Éster caprílico de xilitol), Xantham gum (goma xantana), Glycerin (glicerina vegetal), water (água).

100% do total dos ingredientes são de origem natural

*95% do total dos ingredientes são da produção orgânica


Fórmula livre de: parabenos, sulfatos, formaldeídos, corantes artificiais, fragrância sintética, derivados de petróleo, substâncias geneticamente modificadas e substâncias irradiadas e produtos de origem animal. Não é testado em animais.
Por que usar?
Indicação
O Puro Gel Multifuncional Natural de Aloe Vera é indicado para todos os tipos de pele e cabelos.

Como usar?
O Puro Gel de Aloe da Livealoe é um produto que possui diversas formas de uso. Ele pode ser aplicado puro na pele e cabelo para uma remineralização dos mesmos. Pode ser usado para diluir óleos essenciais, óleos vegetais, shampoos, condicionadores. Serve para umedecer a argila em máscaras.
- Aplique na pele para higiene, hidratação e proteção das agressões solares, químicas e da poluição. Pode ser diluído em partes iguais no Puro Óleo de Semente de Uva da Livealoe para hidratar a pele.
- Aplique no cabelo para fortalecer o couro cabeludo, hidratar e modelar os fios.
- Como veículo para a Aromaterapia, acrescentando óleos essenciais. Em 20ml, adicione 4 a 8 gotas de óleo essencial ou 8 a 16 gotas de sinergia.
- Para hidratar Máscaras de Argila de uso facial, corporal ou capilar: misture o puro gel com a argila até obter a consistência necessária (10 a 20ml de puro gel).
Dicas:
Tratamento Capilar - Cabelos com queda: adicione ao puro gel de aloe 50 gotas de Óleo Essencial de Alecrim. Antes de lavar o cabelo, aplique o produto em todo o couro cabeludo e massageie bem. Deixe o produto por 30 minutos e lave os cabelos normalmente.
- Cabelos com caspa: adicione 40 gotas de Óleo Essencial de Alecrim e 20 gotas Óleo Essencial de Hortelã. Antes de lavar o cabelo, aplique o produto em todo o couro cabeludo e massageie bem. Deixe o produto por 30 minutos e lave os cabelos normalmente.
- Fortalecer o couro cabeludo e melhorar a aparência e crescimento do fio: adicione 35 gotas de Óleo Essencial de Alecrim e 35 gotas Óleo Essencial de Ylang Ylang. Antes de lavar o cabelo, aplique o produto em todo o couro cabeludo e nos fios, massageie bem. Deixe o produto por 30 minutos e lave os cabelos normalmente.
- Couro cabeludo com dermatoses e fios sem brilho: adicione 15 gotas de Óleo Essencial de Alecrim e 25 gotas Óleo Essencial de Lavanda e 25 Óleo Essencial de Copaíba. Antes de lavar o cabelo, aplique o produto em todo o couro cabeludo e massageie bem. Deixe o produto por 30 minutos e lave os cabelos normalmente.
- Cabelos oleosos: adicione 10 gotas de Óleo Essencial de Lemongrass e 30 gotas de Óleo Essencial de Hortelã. Antes de lavar o cabelo, aplique o produto em todo o couro cabeludo, massageie bem. Deixe o produto por 30 minutos e lave os cabelos normalmente.
- Cabelos secos: adicione ao Puro Gel de Aloe 50 gotas de Óleo Essencial de Lavanda e 20 Óleo Essencial de Ylang Ylang. Antes de lavar o cabelo, aplique o produto em todo o couro cabeludo e comprimento dos fios, massageie bem. Deixar o produto por 30 minutos e lave os cabelos normalmente.


Tratamentos Faciais - Pele oleosa e acneica: adicione 10 gotas de Óleo Essencial de Alecrim e 25 gotas Óleo Essencial de Lavanda e 05 Óleo Essencial de Hortelã. Com o rosto limpo, passe a misturinha no rosto 02 vezes ao dia, sempre antes a qualquer outro cosmético que desejar usar.
- Pele seca e/ou madura (tratamento sem óleo): adicione 24 gotas de Óleo Essencial de Alecrim e 18 gotas Óleo Essencial de Ylang Ylang. Com o rosto limpo, passe a misturinha no rosto 02 vezes ao dia, sempre antes a qualquer outro cosmético que desejar usar.
- Pele Normal: adicione 25 gotas de Óleo Essencial de Lavanda e 25 gotas Óleo Essencial de Copaíba. Com o rosto limpo, passe a misturinha no rosto 02 vezes ao dia, sempre antes a qualquer outro cosmético que desejar usar.
- Máscaras de Argilas: a cada colher de sopa de argila, adicionar uma colher de sopa de puro gel de aloe.

Precauções
Havendo irritação suspenda o uso, não usar sob a pele ferida. MANTER FORA DO ALCANCE DE CRIANÇAS. Conservar em local fresco. Uso externo. Não ingerir.";39.0;12;"1678740293278-168813-1200-auto.png";7;6;0;"1678740293280-168815-1200-auto.webp";""
9;"Puro Gel Babosa Multifuncional Natural de Aloe 60ml ";"O que ele é?
O Puro Gel Multifuncional Natural de Aloe Vera da Livealoe é rico em enzimas, aminoácidos, vitaminas A, C, D, E, complexo B, sais minerais como cálcio, sódio, magnésio, manganês, ferro, zinco, potássio e cromo e ácidos graxos. É emoliente, umectante, reparador proteico, cicatrizante, antibacteriano, antifúngico e antivirótico. Serve como base neutra natural para protocolos estéticos, terapêuticos e de aromaterapia. Pode também ser usado para diluir argila ou óleos essenciais (4 gotas de óleo essencial para 25 ml do gel), proporcionando hidratação. Pode ser aplicado puro na pele para proporcionar nutrição e hidratação. Ainda ajuda em casos de oleosidade excessiva. Estimula a produção de colágeno, ajuda a cicatrização de tecidos lesados, principalmente que foram queimados por exposição solar. Sua textura é aquosa e sem cheiro.


Características:
Produto Natural e Vegano certificado pelo IBD
Possui propriedades hidratantes, emolientes e cicatrizantes
Estimula a produção de colágeno
Pode ser usado na pele e nos cabelos
O que ele tem?
Ingredientes
Composição: Aloe barbadensis gel* (Gel de a Aloe vera), Xylitol Caprylic Ester (Éster caprílico de xilitol), Xantham gum (goma xantana), Glycerin (glicerina vegetal), water (água).

100% do total dos ingredientes são de origem natural

95% do total dos ingredientes são da produção orgânica


Fórmula livre de: parabenos, sulfatos, formaldeídos, corantes artificiais, fragrância sintética, derivados de petróleo, substâncias geneticamente modificadas e substâncias irradiadas e produtos de origem animal. Não é testado em animais.
Por que usar?
Produto Natural e Vegano certificado pelo IBD;
É multifuncional, podendo ser aplicado na pele e cabelo;
Pode ser aplicado puro ou para diluir óleos essenciais, óleos vegetais, shampoos e condicionadores;
Ótimo para umedecer a argila em máscaras.

Indicação
O Puro Gel Multifuncional Natural de Aloe Vera da Livealoe é indicado para todos os tipos de pele e cabelos.

Como usar?
Aplique o Puro Gel Multifuncional Natural de Aloe Vera na pele para higiene, hidratação e proteção das agressões solares, químicas e da poluição. Pode ser diluído em partes iguais no Puro Óleo de Semente de Uva da Livealoe para hidratar a pele.
Aplique no cabelo para fortalecer o couro cabeludo, hidratar e modelar os fios.
Como veículo para a Aromaterapia, acrescentando óleos essenciais. Em 20ml, adicione 4 a 8 gotas de óleo essencial ou 8 a 16 gotas de sinergia.
Para hidratar máscaras de argila de uso facial, corporal ou capilar: misture o puro gel com a argila até obter a consistência necessária (10 a 20ml de puro gel).


Dicas
Tratamento Capilar
Cabelos com queda: adicione ao puro gel de aloe 50 gotas de Óleo Essencial de Alecrim. Antes de lavar o cabelo, aplique o produto em todo o couro cabeludo e massageie bem. Deixe o produto por 30 minutos e lave os cabelos normalmente.
Cabelos com caspa: adicione 40 gotas de Óleo Essencial de Alecrim e 20 gotas Óleo Essencial de Hortelã. Antes de lavar o cabelo, aplique o produto em todo o couro cabeludo e massageie bem. Deixe o produto por 30 minutos e lave os cabelos normalmente.
Fortalecer o couro cabeludo e melhorar a aparência e crescimento do fio: adicione 35 gotas de Óleo Essencial de Alecrim e 35 gotas Óleo Essencial de Ylang Ylang. Antes de lavar o cabelo, aplique o produto em todo o couro cabeludo e nos fios, massageie bem. Deixe o produto por 30 minutos e lave os cabelos normalmente.
Couro cabeludo com dermatoses e fios sem brilho: adicione 15 gotas de Óleo Essencial de Alecrim e 25 gotas Óleo Essencial de Lavanda e 25 Óleo Essencial de Copaíba. Antes de lavar o cabelo, aplique o produto em todo o couro cabeludo e massageie bem. Deixe o produto por 30 minutos e lave os cabelos normalmente.
Cabelos oleosos: adicione 10 gotas de Óleo Essencial de Lemongrass e 30 gotas de Óleo Essencial de Hortelã. Antes de lavar o cabelo, aplique o produto em todo o couro cabeludo, massageie bem. Deixe o produto por 30 minutos e lave os cabelos normalmente.
Cabelos secos: adicione ao Puro Gel de Aloe 50 gotas de Óleo Essencial de Lavanda e 20 Óleo Essencial de Ylang Ylang. Antes de lavar o cabelo, aplique o produto em todo o couro cabeludo e comprimento dos fios, massageie bem. Deixar o produto por 30 minutos e lave os cabelos normalmente.

Tratamentos Faciais
ele oleosa e acneica: adicione 10 gotas de Óleo Essencial de Alecrim e 25 gotas Óleo Essencial de Lavanda e 05 Óleo Essencial de Hortelã. Com o rosto limpo, passe a misturinha no rosto 02 vezes ao dia, sempre antes a qualquer outro cosmético que desejar usar.
Pele seca e/ou madura (tratamento sem óleo): adicione 24 gotas de Óleo Essencial de Alecrim e 18 gotas Óleo Essencial de Ylang Ylang. Com o rosto limpo, passe a misturinha no rosto 02 vezes ao dia, sempre antes a qualquer outro cosmético que desejar usar.
Pele Normal: adicione 25 gotas de Óleo Essencial de Lavanda e 25 gotas Óleo Essencial de Copaíba. Com o rosto limpo, passe a misturinha no rosto 02 vezes ao dia, sempre antes a qualquer outro cosmético que desejar usar.
Máscaras de Argilas: a cada colher de sopa de argila, adicionar uma colher de sopa de puro gel de aloe.


Precauções
Mantenha o uso rotineiro do filtro solar. Havendo irritação suspenda o uso, não usar sob a pele ferida. Em caso de contato acidental com os olhos, lavar com água abundantemente. MANTER FORA DO ALCANCE DE CRIANÇAS. Conservar em local fresco. Uso externo. Não ingerir.";15.0;12;"1678740361013-cabelo2.webp";7;6;0;"";""
10;"Puro Gel Babosa Multifuncional Natural de Aloe 500ml";"O que ele é?
O Puro Gel Multifuncional Natural de Aloe Vera da Livealoe é rico em enzimas, aminoácidos, vitaminas A, C, D, E, complexo B, sais minerais como cálcio, sódio, magnésio, manganês, ferro, zinco, potássio e cromo e ácidos graxos. É emoliente, umectante, reparador proteico, cicatrizante, antibacteriano, antifúngico e antivirótico. Serve como base neutra natural para protocolos estéticos, terapêuticos e de aromaterapia. Pode também ser usado para diluir argila ou óleos essenciais (4 gotas de óleo essencial para 25 ml do gel), proporcionando hidratação. Pode ser aplicado puro na pele para proporcionar nutrição e hidratação. Ainda ajuda em casos de oleosidade excessiva. Estimula a produção de colágeno, ajuda a cicatrização de tecidos lesados, principalmente que foram queimados por exposição solar. Sua textura é aquosa e sem cheiro.


Características:
Produto Natural e Vegano certificado pelo IBD
Possui propriedades hidratantes, emolientes e cicatrizantes
Estimula a produção de colágeno
Pode ser usado na pele e nos cabelos
O que ele tem?
Ingredientes
Composição: Aloe barbadensis gel* (Gel de a Aloe vera), Xylitol Caprylic Ester (Éster caprílico de xilitol), Xantham gum (goma xantana), Glycerin (glicerina vegetal), water (água).

100% do total dos ingredientes são de origem natural

95% do total dos ingredientes são da produção orgânica


Fórmula livre de: parabenos, sulfatos, formaldeídos, corantes artificiais, fragrância sintética, derivados de petróleo, substâncias geneticamente modificadas e substâncias irradiadas e produtos de origem animal. Não é testado em animais.
Por que usar?
Produto Natural e Vegano certificado pelo IBD;
É multifuncional, podendo ser aplicado na pele e cabelo;
Pode ser aplicado puro ou para diluir óleos essenciais, óleos vegetais, shampoos e condicionadores;
Ótimo para umedecer a argila em máscaras.

Indicação
O Puro Gel Multifuncional Natural de Aloe Vera da Livealoe é indicado para todos os tipos de pele e cabelos.

Como usar?
Aplique o Puro Gel Multifuncional Natural de Aloe Vera na pele para higiene, hidratação e proteção das agressões solares, químicas e da poluição. Pode ser diluído em partes iguais no Puro Óleo de Semente de Uva da Livealoe para hidratar a pele.
Aplique no cabelo para fortalecer o couro cabeludo, hidratar e modelar os fios.
Como veículo para a Aromaterapia, acrescentando óleos essenciais. Em 20ml, adicione 4 a 8 gotas de óleo essencial ou 8 a 16 gotas de sinergia.
Para hidratar máscaras de argila de uso facial, corporal ou capilar: misture o puro gel com a argila até obter a consistência necessária (10 a 20ml de puro gel).


Dicas
Tratamento Capilar
Cabelos com queda: adicione ao puro gel de aloe 50 gotas de Óleo Essencial de Alecrim. Antes de lavar o cabelo, aplique o produto em todo o couro cabeludo e massageie bem. Deixe o produto por 30 minutos e lave os cabelos normalmente.
Cabelos com caspa: adicione 40 gotas de Óleo Essencial de Alecrim e 20 gotas Óleo Essencial de Hortelã. Antes de lavar o cabelo, aplique o produto em todo o couro cabeludo e massageie bem. Deixe o produto por 30 minutos e lave os cabelos normalmente.
Fortalecer o couro cabeludo e melhorar a aparência e crescimento do fio: adicione 35 gotas de Óleo Essencial de Alecrim e 35 gotas Óleo Essencial de Ylang Ylang. Antes de lavar o cabelo, aplique o produto em todo o couro cabeludo e nos fios, massageie bem. Deixe o produto por 30 minutos e lave os cabelos normalmente.
Couro cabeludo com dermatoses e fios sem brilho: adicione 15 gotas de Óleo Essencial de Alecrim e 25 gotas Óleo Essencial de Lavanda e 25 Óleo Essencial de Copaíba. Antes de lavar o cabelo, aplique o produto em todo o couro cabeludo e massageie bem. Deixe o produto por 30 minutos e lave os cabelos normalmente.
Cabelos oleosos: adicione 10 gotas de Óleo Essencial de Lemongrass e 30 gotas de Óleo Essencial de Hortelã. Antes de lavar o cabelo, aplique o produto em todo o couro cabeludo, massageie bem. Deixe o produto por 30 minutos e lave os cabelos normalmente.
Cabelos secos: adicione ao Puro Gel de Aloe 50 gotas de Óleo Essencial de Lavanda e 20 Óleo Essencial de Ylang Ylang. Antes de lavar o cabelo, aplique o produto em todo o couro cabeludo e comprimento dos fios, massageie bem. Deixar o produto por 30 minutos e lave os cabelos normalmente.

Tratamentos Faciais
ele oleosa e acneica: adicione 10 gotas de Óleo Essencial de Alecrim e 25 gotas Óleo Essencial de Lavanda e 05 Óleo Essencial de Hortelã. Com o rosto limpo, passe a misturinha no rosto 02 vezes ao dia, sempre antes a qualquer outro cosmético que desejar usar.
Pele seca e/ou madura (tratamento sem óleo): adicione 24 gotas de Óleo Essencial de Alecrim e 18 gotas Óleo Essencial de Ylang Ylang. Com o rosto limpo, passe a misturinha no rosto 02 vezes ao dia, sempre antes a qualquer outro cosmético que desejar usar.
Pele Normal: adicione 25 gotas de Óleo Essencial de Lavanda e 25 gotas Óleo Essencial de Copaíba. Com o rosto limpo, passe a misturinha no rosto 02 vezes ao dia, sempre antes a qualquer outro cosmético que desejar usar.
Máscaras de Argilas: a cada colher de sopa de argila, adicionar uma colher de sopa de puro gel de aloe.


Precauções
Mantenha o uso rotineiro do filtro solar. Havendo irritação suspenda o uso, não usar sob a pele ferida. Em caso de contato acidental com os olhos, lavar com água abundantemente. MANTER FORA DO ALCANCE DE CRIANÇAS. Conservar em local fresco. Uso externo. Não ingerir.";77.0;10;"1678740423347-cabelo3...png";7;6;0;"1678740423349-cabelo3.png";""
11;"Shampoo Vegano Fortalecedor Natural 240ml";"O que ele é?
O Shampoo Vegano Fortalecedor Natural da Livealoe possui uma fórmula inovadora com puro gel de aloe vera, responsável por nutrir o couro cabeludo com vitaminas e aminoácidos, noni, açafrão, um poderoso antioxidante e protetor dos fios e óleo de castanha do brasil, que hidrata profundamente os fios. Fortalece e nutre o couro cabeludo, devolve sedosidade e o brilho ao fio. Trata cabelos enfraquecidos, quebradiços e agredidos pela radiação solar e tratamentos químicos.


Características:
• Produto Natural e Vegano certificado pelo IBD
• Contém propriedades antioxidantes, hidratantes e fungicidas
• Promove força e vitalidade aos cabelos
• Ajuda a evitar a queda e a caspa
O que ele tem?
Ingredientes
Composição: Aloe barbadensis* leaf juice (Gel de Aloe vera), Curcuma longa*root extract (extrato de Açafrão), Morinda citrifolia* Leaf extract (extrato de Noni Folha), Moringa oleifera* Leaf extract (Extrato de Moringa Folha), Allium cepa* root Extract (Extrato de Cebola), Cymbopogon flexuosus oil (Óleo essencial de Lemongrass), Rosmarinus officinalis oil (Óleo essencial de Alecrim), Mentha piperita oil (Óleo essencial de Mentha), Bertholletia excelsa seed oil (Óleo de Castanha do Brasil), Decyl glucoside (lauril poliglucosídeo), Sodium laureth sultafe (Lauril éter sulfato de sódio), Sodium laureth sulfossuccinate (Lauril éter sulfossuccinate de sódio), Polyquaternium 67 (poliquaternio 67), Potassium sorbate (Sorbato de potássio), Glycerin (Glicerina vegetal), Xanthan Gum (Goma Xantana), Water (Água).

67,40% do total dos ingredientes são de origem natural

*30% do total dos ingredientes são da produção orgânica


Fórmula livre de: parabenos, sulfatos, formaldeídos, corantes artificiais, fragrância sintética, derivados de petróleo, substâncias geneticamente modificadas e substâncias irradiadas e produtos de origem animal. Não é testado em animais.
Por que usar?
Indicação
O Shampoo Vegano Fortalecedor Natural é indicado para cabelos normais, oleosos, com queda e/ou caspa.

Como usar?
Aplique o Shampoo Natural de Aloe frutas com Uva e Noni da Livealoe no cabelo molhado. Massageie o couro cabeludo por 03 minutos. Enxágue bem. Se necessário, repita o processo. Para melhor resultado utilize o Condicionador Fortalecedor.
Dica: para cabelos ressecados utilize duas vezes por semana.


Precauções
Havendo irritação suspenda o uso, não usar sob a pele ferida. MANTER FORA DO ALCANCE DE CRIANÇAS. Conservar em local fresco. Uso externo. Não ingerir.";46.0;11;"1678740473850-cabelo4...webp";7;6;0;"1678740473851-cabelo4.webp";""
12;"Sérum Capilar Vegano (Leave - in) Proteção 120ml";"O que ele é?
O Sérum Capilar Leave-in Natural Proteção da Ahoaloe é elaborado com o Puro Gel de Aloe e o óleo de Coco Palmiste, o Dendê que combinados com os óleos orgânicos de Paracaxi e Murumuru vindos da Amazônia, atuam protegendo e fortalecendo os fios contra as ações desagradáveis do calor do secador, do sal do mar e do cloro da piscina. Com esse Leave-in seus cabelos estarão mais fortes, disciplinados com brilho e maciez. O Leave-in é um creme sem enxague que é aplicado após a lavagem e condicionamento dos fios, ele faz uma camada protetora que auxilia na proteção de danos externos (alta temperatura de secadores, sol, cloro e etc); além de contribuir para a hidratação dos cabelos.


Características:
Produto Natural e Vegano certificado pelo IBD e Ecocert
Matérias primas certificadas pela Natrue
Disciplina os fios sem pesar
Ação Anti-frizz e controlador de oleosidade excessiva
O que ele tem?
Ingredientes
Aloe Vera: hhidratante, calmante e regenerador. Promove o crescimento do cabelo, além de conter enzimas proteolíticas que ajudam na remoção de pele morta do couro cabeludo.
Murumuru: Rico em ácidos graxos, especialmente o mirístico e láurico repõe os lipídios perdidos pelos fios, hidratando-os e nutrindo-os profundamente.

Composição: Aloe barbadensis Leaf juice*; Cetyl Alcohol; Orbignya Oleifera seed oil**; Equisetum Arvense extract*; Polyglyceryl 10 Stearate***; Glycerin; Caprilil Capryl Glucoside***; Astrocaryum Murumuru seed butter**; Cetyl Palmitate; Sodium Pca***; Benzyl Alcohol, Potassium Sorbate, Sodium Benzoate; Citrus Aurantium Dulcis peel oil; Xanthan Gum; Citrus Lemon fruit oil; Copaifera Reticulata balsam oil**; Lactic Acid; Eucalyptus Globulus oil; Linoleic Acid; Beta Carotene.

*Ingredientes orgânicos certificados IBD
**Ingredientes orgânicos certificados Ecocert
***Matérias primas certificadas Natrue


Fórmula livre de: sal, sulfatos, parabenos, liberadores de formol, corantes e fragrâncias sintéticas, conservantes sintéticos, metais pesados e produtos de origem animal. Não é testado em animais.
Por que usar?
É Natural, Vegano e Cruelty free;
Hidrata e condiciona os fios;
Protege os fios contra as ações desagradáveis do calor;
Fortalece os fios dos danos causados pelo sal do mar e do cloro da piscina;
Combate o frizz e deixa os cabelos mais disciplinados e brilhosos.

Indicação
O Sérum Capilar Leave-in Natural Proteção da Ahoaloe é indicado para todos os tipos de cabelos.

Como usar?
Aplique o Sérum Capilar Leave-in Natural Proteção da AhoAloe nos cabelos molhados, massageando-os com movimentos suaves, passe um pente para facilitar o desembaraço dos fios e proporcionar maior maciez.


Precauções
Havendo irritação suspenda o uso, não usar sob a pele ferida. Em caso de contato acidental com os olhos, lavar com água abundantemente. MANTER FORA DO ALCANCE DE CRIANÇAS. Conservar em local fresco. Uso externo. Não ingerir. Manter o produto ao abrigo de luz e calor.";69.0;12;"1678740525646-cabelo5...webp";7;5;0;"1678740525648-cabelo5.webp";""
13;"Shampoo Sólido Natural de Pitanga 100g";"O que ele é?
O Shampoo Sólido Natural de Pitanga da Cativa Natureza é elaborado com o puro extrato orgânico das folhas de pitanga do Projeto Sustentável Bacia 3 Paraná. A pitanga, rica em vitaminas A, B1, B2, B3 e C, sais minerais (ferro, cálcio e fósforo) e proteínas em conjunto com os ativos de aloe vera, copaíba e cupuaçu, fortalece e regenera os fios, além de controlar a oleosidade do couro cabeludo. O extrato orgânico de pitanga desenvolvido exclusivamente pela Cativa possui 5 vezes* mais ativos que os extratos atualmente disponíveis no mercado promovendo uma limpeza suave e deixando os cabelos macios e hidratados.


Características:
Produto 100% Natural, Orgânico e Vegano certificado pelo IBD
Possui propriedades remineralizantes, hidratantes, antioxidantes e suavizantes
Possui 5x mais ativos
É econômico, prático e sustentável
Pode ser usado por pessoas de todas as idades
O que ele tem?
Ingredientes
Composição: Orbignya oleifera Seed Oil (Óleo de Coco de Babaçu), Sodium Hydroxide, Alcohol, Glycerin, Saccharum officinarum (cana de açúcar), Decyl Glucoside, Citric Acid, Theobroma grandiflorum Seed Butter (Manteiga de Cupuaçu), Copaifera officinalis Oil (Óleo de Copaíba), Eugenia uniflora Extract* (Extrato das Folhas da Pitanga), Aloe barbadensis Extract (Extrato de Aloe Vera / Babosa), Melaleuca alternifolia Extract* (Extrato de Tea Tree / Melaleuca), Pelargonium graveolens Flower Oil (Óleo Essencial de Gerânio), Salvea esclarea Oil (Óleo Essencial de Sávia Esclerea), Citrus nobilis Oil (Óleo Essencial de Mandarina), CI 77891, Aqua, Citronellol, Geraniol, Linalool, Limonene, Stearic Acid.

*Ingrediente orgânico


Fórmula livre de: parabenos, liberadores de formol, corantes e fragrâncias sintéticas, conservantes sintéticos, sulfatos e produtos de origem animal. Não é testado em animais.
Por que usar?
Econômico: rende o equivalente a 40 lavagens** ou 350 ml de shampoo líquido;
Sustentável: dispensa o uso dos frascos plásticos dos shampoos líquidos convencionais, minimizando o impacto ambiental do descarte da embalagem;
Prático: ocupa menos espaço, sendo uma ótima opção para levar em viagens.
** Quantidade aproximada, pois o rendimento deste shampoo depende também de outros fatores, como o comprimento do cabelo e da qualidade da água utilizada no banho.


Indicação
O Shampoo Sólido Natural de Pitanga da Cativa Natureza é indicado para todos os tipos de cabelos. Pode ser usado no corpo e rosto.

Como usar?
Aplique o Shampoo Sólido Natural de Pitanga da Cativa Natureza com o cabelo molhado dividindo-o em partes para facilitar a aplicação. Passe delicadamente a barra umedecida no couro cabeludo até a formar espuma. Com as mãos, massageie suavemente toda a cabeça para espalhar o produto. Enxague abundantemente com água. Se necessário, repita o processo.
Dicas: Nos cabelos secos - lave com menos intensidade as pontas e evite lavar todos os dias, a cada 2 ou 3 dias é suficiente para não perder a oleosidade natural.
Nos cabelos oleosos - você pode lavar intensamente a raiz e as pontas.


Precauções
Havendo irritação suspenda o uso, não usar sob a pele ferida. Em caso de contato acidental com os olhos, lavar com água abundantemente. MANTER FORA DO ALCANCE DE CRIANÇAS. Conservar em local fresco. Uso externo. Não ingerir.";35.0;13;"1678740603052-cabelo6.webp";7;8;0;"";""
14;"Condicionador Natural Hidratação Suave Argan & Linhaça 500ml";"O que ele é?
O Condicionador Natural Hidratação Suave de Argan e Linhaça da Boni Natural possui uma fórmula natural, vegana e exclusiva que condiciona levemente os fios sem pesar e promove um brilho intenso. É elaborado com óleo de argan, poderoso antioxidante que hidrata, melhora o aspecto dos fios e as pontas duplas e ainda possui efeito anti-frizz e o óleo de linhaça, que nutre e fortalece os cabelos proporcionando um brilho intenso e evitando a quebra. Contém ainda extratos de aloe vera e calêndula, que age como anti-inflamatório no couro cabeludo.


Características:
Produto Natural e Vegano
Eco friendly com 95% de ingredientes de origem vegetal e mineral
Contém propriedades antioxidantes, hidratantes e nutritivas
Melhora o aspecto das pontas dupla
Condiciona os fios sem pesar
Embalagem de plástico
O que ele tem?
Ingredientes
Óleo de Argan: nutre, reestrutura, fortalece, suaviza e hidrata os cabelos, controlando o volume e o frizz.
Óleo de Linhaça: hidratante, nutritivo, evita a quebra e reduz o frizz.
Óleo de Amêndoas Doces: hidratante, regenerador e melhora a elasticidade dos fios.
Extrato de Aloe Vera: hidrata, nutre e revitaliza os cabelos.
Extrato de Calêndula: anti-inflamatório, cicatrizante e regenerador. Tem ação suavizante e auxilia nos cuidados da gengiva.
Extrato de Hamamélis: rico em taninos, tem ação adstringente e anti-inflamatória.
Composição: aloe leaf extract, aqua, argania spinosa kernel oil, behentrimonium chloride, benzoic acid, benzyl alcohol, calendula officinalis flower extract, cetearyl alcohol, citric acid, hamamelis virginiana extract, isoamyl laurate, linum usitatissimum (linseed) seed oil, panthenol, parfum, citral, citronellol, hexyl cinnamal, limonene, linalool, propanediol, prunus amygdalus dulcis oil,  sodium benzoate, sorbitan caprylate.


Fórmula livre de: silicone, óleo mineral, parabenos, triclosan, álcool, corantes artificiais, derivados de petróleo, substâncias geneticamente modificadas e substâncias irradiadas. Não é testado em animais.
Por que usar?
Indicação
O Condicionador Natural Hidratação Suave de Argan e Linhaça da Boni Natural é indicado para todos os tipos de cabelos.

Como usar?
Após lavar os cabelos com o Shampoo Hidratação Suave Argan & Linhaça da Boni Natural aplique o Condicionador Hidratação Suave Argan e Linhaça da Boni Natural sobre os cabelos molhados, massageando suavemente por 1 minuto. Enxague em seguida./p>
Precauções

Havendo irritação suspenda o uso, não usar sob a pele ferida. Em caso de contato acidental com os olhos, lavar com água abundantemente. MANTER FORA DO ALCANCE DE CRIANÇAS. Conservar em local fresco. Uso externo. Não ingerir.";39.0;11;"1678740679876-cabelo7...jpg";7;9;0;"1678740679876-cabelo7.webp";""
15;"Shampoo Sólido Natural Cabelos Normais a Oleosos 115g";"O que ele é?
O Shampoo Sólido Natural de Neem, Copaíba e Melaleuca da Ares de Mato é formulado com óleo de Neem que possui propriedades antifúngicas, antissépticas e hidratantes que atuam contra a queda capilar, caspa e seborreia. O óleo balsamo de copaíba equilibra a oleosidade do couro cabeludo e proporciona brilho e maciez através de suas propriedades regeneradoras, curativas e tônicas. Contém as propriedades fortificantes e reestruturadoras da dolomita que é um hidratante natural para reequilibrar a produção de óleo no couro cabeludo, combater a seborreia, a queda de cabelo e fortalecer os fios, acompanhado da argila preta um poderoso desintoxicante com ação anti-inflamatória, adstringente, absorvente e purificante. Protege os cabelos dos danos térmicos e fortalece o couro cabeludo.


Características:
Produto Natural, Artesanal e Vegano
Equilibra a oleosidade do couro cabeludo
Proporciona mais brilho e maciez aos cabelos
Contém cheiro dos aromas naturais dos óleos essenciais
Embalagem biodegradável com decomposição de até 3 meses em contato com a água
O que ele tem?
Ingredientes:
Óleo Essencial de Melaleuca: possui excelentes propriedades antissépticas e fungicidas. Eficaz no tratamento de caspa, queda de cabelo e seborreia. Óleo essencial que refresca, renova e purifica.
leo Essencial de Alecrim: apresenta propriedades anti-inflamatórias, antissépticas e antioxidantes. Estimula a circulação do folículo piloso auxiliando no crescimento dos cabelos.
leo Essencial de Cedro: tonificante e revigorante. Possui propriedades antissépticas e adstringentes que equilibram a oleosidade do couro cabeludo, auxiliando no crescimento capilar e combate a caspa.
Óleo Essencial de Tangerina: possui propriedades adstringentes e ajuda a eliminar toxinas do couro cabeludo, combater a queda capilar e controlar a oleosidade.
Bálsamo de copaíba: possui ação anti-inflamatória, cicatrizante, antioxidante e hidratante. Utilizado em feridas, dermatites, psoríase, eczemas, seborréias, dentre outros problemas cutâneos e capilares.
Composição: Elaeis Guineensis Oil* (óleo de palma), Helianthus Annus Oil (óleo de girassol), Aqua, Elaeis guineensis Kernel Oil (óleo de palmiste), Sodium Hydroxide, Ricinus Communis Oil (óleo de mamona), Azadirachta indicam Oil (óleo de neem), Persea Americana Oil (óleo de abacate), Copaifera officinalis Oil (bálsamo de copaíba), Cedrus Atlantica Oil (óleo essencial de cedro), Argilla* (argila preta), Melaleuca Alternifolia Leaf Oil (óleo essencial de melaleuca), Dolomite, Rosmarinus Officinalis Oil (óleo essencial de alecrim), Citrus Reticulata Oil (óleo essencial de tangerina), Rosmarinus Officinalis Leaf Extract (óleo resina de alecrim).

*Matérias-primas oriundas de produção orgânica


Fórmula livre de: parabenos, liberadores de formol, corantes e fragrâncias sintéticas, conservantes sintéticos, sulfatos e produtos de origem animal. Não é testado em animais.
Por que usar?
Indicação
O Shampoo Sólido Natural de Neem, Copaíba e Melaleuca da Ares de Mato é indicado para cabelos normais a cabelos oleosos. Pode também ser utilizado na face e no corpo.

Como usar?
Aplique o Shampoo Sólido Natural de Neem, Copaíba e Melaleuca da Ares de Mato com o cabelo molhado dividindo-o em partes para facilitar a aplicação. Passe delicadamente a barra umedecida no couro cabeludo até a formar espuma. Com as mãos, massageie suavemente toda a cabeça para espalhar o produto. Enxague abundantemente com água. Se necessário, repita o processo. Complete a beleza de seus cabelos usando o Condicionador Sólido Natural de Cupuaçu e Castanha do Pará da Ares de Mato.


Precauções
Havendo irritação suspenda o uso, não usar sob a pele ferida. MANTER FORA DO ALCANCE DE CRIANÇAS. Conservar em local fresco. Uso externo. Não ingerir.";35.0;10;"1678740751860-cabelo8...webp";7;10;0;"1678740751860-cabelo8.png";""
16;"Gel Modelador Capilar Natural com Aloe, Hibisco e Jojoba 230g";"O que ele é?
O Gel Modelador Capilar Natural com Aloe,Hibisco e Jojoba da Multi Vegetal possui uma poderosa fórmula elaborada com aloe vera, hibisco e óleo de jojoba, que nutre, hidrata e condiciona os cabelos, sem pesar. Condiciona e nutre os fios sem agredir a estrutura do cabelo deixando-os mais bonitos, saudáveis e macios. Elimina o frizz e perfuma suavemente os fios.


Características:
Produto Natural e Vegano
Conta com propriedades nutritivas, hidratantes e regeneradoras
Modela e fixa suavemente os fios
Elimina o frizz e controla a oleosidade
Deixa os cabelos macios e com aspecto natural
O que ele tem?
Ingredientes
Extrato de Aloe Vera: hidratante, cicatrizante e refrescante.
Extrato de Hibisco: renovador natural, antioxidante e rejuvenescedor.
Óleo de Jojoba: cicatrizante, hidratante e anti-inflamatório.
Extrato de Algas Marinhas: anti-inflamatório, nutritivo e estimulante.
Extrato de Baunilha: antioxidante, aromático e tranquilizante.
Óleo Essencial de Lavanda: antisséptico, anti-inflamatório e calmante da pele.
Óleo Essencial de Patchouli: cicatrizante, regenerador de tecidos e hidratante.
Óleo Essencial de Limão: refrescante, cicatrizante e antisséptico.
Composição: Pectin; Xanthan Gum; Calcium Chloride; Gracilaria Confervoides Extract; Aloe Barbadensis Leaf Juice; Hibiscus Sabdariffa Extract; Glycerin; Tocopheryl Acetate; Jojoba Oil; Sodium Benzoate; Benzyl Alcohol; Potassium Sorbate; Lavandula Officinalis Flower Oil; Pogostemon Cablin Oil; Citrus Limon Peel Oil; Vanilla Planifolia Extract; Aqua.


Fórmula livre de: carbômeros, lauril sulfatos, parabenos, etanolaminas, corantes, fragrâncias artificiais, polímeros sintéticos, produtos derivados de petróleo ou de origem animal. Não testado em animais.
Por que usar?
Indicação
O Gel Modelador Capilar Natural com Aloe,Hibisco e Jojoba é indicado para todos os tipos de cabelos.";46.0;10;"1678740799213-cabelo9...webp";7;4;0;"1678740799214-cabelo9.webp";""
17;"Óleo Vegetal Natural de Girassol 50ml";"O que ele é?
O Óleo Vegetal de Girassol da WNF é ico em vitamina E, um super antioxidante, ácido palmítico, ácido esteárico, ácido oleico e ácido linoleico. É um excelente óleo para todos os tipos de massagem, principalmente as modeladoras manuais e intensas. Pode ser usado como óleo base para as terapias de relaxamento muscular, em massagens esportivas e como hidratante para peles secas.


Características:
Produto Natural e Vegano
Possui propriedades hidratantes, cicatrizantes e regeneradoras
Hidrata e protege a pele
Promove relaxamento muscular
O que ele tem?
Ingredientes
Composição: Helianthus annuus seed oi


Fórmula livre de: esferas de polietileno, parabenos, óleo mineral, silicones, conservantes, corantes e fragrâncias artificiais. Livre de testes em animais e ingredientes de origem animal.
Por que usar?
Indicação
O Óleo Vegetal de Girassol da WNF éé indicado para todos os tipos de pele.

Como usar?
Aplique o Óleo Vegetal de Girassol da WNF na quantidade suficiente de acordo com a técnica de massagem. Para massagens com adição de óleos essenciais: aplique uma gota de óleo essencial a cada 2,5 ml do óleo vegetal de girassol.


Precauções
Havendo irritação suspenda o uso, não usar sob a pele ferida. Em caso de contato acidental com os olhos, lavar com água abundantemente. MANTER FORA DO ALCANCE DE CRIANÇAS. Conservar em local fresco. Uso externo. Não ingerir.";19.0;10;"1678740847151-cabelo10.webp";7;11;0;"";""
18;"Óleo Vegetal Seleção Exclusiva Rosa Mosqueta 20ml";"O que ele é?
O Óleo Vegetal Seleção Exclusiva Rosa Mosqueta da WNF é rico em ácidos graxos como ácido oléico, linoléico e linolênico, além de vitamina A e alguns compostos cetônicos. É comumente aplicado em pequenas áreas ressecadas, como pés, mãos, rosto, cicatrizes, manchas e pontos específicos com ressecamento. É um excelente protetor labial, além de ajudar a atenuar estrias, queloides, cicatrizes e rugas e linhas de expressão na pele, possuindo um potente efeito regenerador e emoliente sobre a pele.


Características:
Produto Natural e Vegano
Possui propriedades hidratantes, emolientes e regeneradoras
Melhora a síntese de colágeno
Deixa a pele macia, suave e sedosa
Embalagem de vidro ambar com conta gotas
O que ele tem?
Ingredientes
Composição: Rosa rubinosa oil


Fórmula livre de: esferas de polietileno, parabenos, óleo mineral, silicones, conservantes, corantes e fragrâncias artificiais. Livre de testes em animais e ingredientes de origem animal.
Por que usar?
Indicação
O Óleo Vegetal Seleção Exclusiva Rosa Mosqueta da WNF é indicado para todos os tipos de pele, principalmente peles secas ou ressecadas. Obs: Contra indicado o uso em peles oleosas, mistas e acneicas.

Como usar?
Aplique o Óleo Vegetal Seleção Exclusiva Rosa Mosqueta da WNF na quantidade suficiente de acordo com a técnica de massagem. Para massagens com adição de óleos essenciais: aplique uma gota de óleo essencial a cada 2,5 ml do óleo vegetal de rosa mosqueta.


Precauções
Havendo irritação suspenda o uso, não usar sob a pele ferida. Em caso de contato acidental com os olhos, lavar com água abundantemente. MANTER FORA DO ALCANCE DE CRIANÇAS. Conservar em local fresco. Uso externo. Não ingerir.";49.0;10;"1678741650570-tratamento1.webp";8;11;0;"";""
19;"Protetor Solar Facial Natural e Vegano com Cor FPS 30 70ml ";"O que ele é?
O Protetor Solar Facial Natural e Vegano com Cor FPS 30 da Bioart ferece alta proteção para o rosto contra os raios UVA, UVB e luz visível. Se adapta a todos os tipos de pele, e cria uma cobertura natural na pele proporcionando toque seco e efeito aveludado. Possui a exclusiva tecnologia ""Solar Techbio"" de fotoproteção física, mineral e vegetal, oferecendo proteção com segurança, sem aditivos químicos.
O Protetor Solar Natural com Cor tem uma excelente ação Pro-Age, decorrente do seu poder antioxidante que combate os radicais livres, produzidos pela exposição solar, preservando as fibras de colágeno e elastina. É formulado com ativos naturais; como o óleo vegetal de açaí, um poderoso hidratante e antioxidante; um blend de Argilas biomicronizada, responsável pela cor natural do produto, além de atuar na absorção da oleosidade e na melhora da elasticidade e flacidez da pele; a tapioca, que proporciona uma melhora na aparência da pele, disfarçando os poros dilatados e linhas de expressão; a Biocápsula de Zinco revestida por Jojoba, que possui maior aderência e duração na pele, garantindo máxima fotoproteção; e a Biocápsula de Calêndula, que forma um filme protetor sobre a pele, protegendo-a de danos causados por agentes internos e externos e estimula sua regeneração, atuando contra o envelhecimento. E para completar, o Protetor Solar Natural com Cor da Bioart ainda protege o meio ambiente com a embalagem I’m Green feita a partir da cana de açúcar de fonte 100% renovável e 100% reciclável.


Características:
Protetor Solar Natural, Vegano e Cruelty Free
UVB 30 e UVA 14
Protege dos raios UVA, UVB e luz azul
Se adapta aos variados tons de pele
Hipoalergênico e dermatologicamente testado
Antioxidante e Regenerador
Textura leve e toque seco
Embalagem I’m Green
O que ele tem?
Ingredientes
Biocápsula de Calêndula: possui grande capacidade antioxidante que previne as alterações estruturais no colágeno e na elastina evitando o surgimento de rugas e manchas. Dispõe de tecnologia inovadora, onde possui o gatilho de liberação dos ativos entre a derme e a epiderme promovendo eficácia de tratamento durante o período de 8 a 12 horas após a aplicação do produto.
Biocápsula de Zinco: revestida por Jojoba confere a proteção solar natural, mineral, vegetal e física. Por ser livre de nanopartículas cria maior adesão e duração na pele, o que garante máxima fotoproteção.
Óleo Vegetal de Açaí: promove o metabolismo celular, reduz os processos inflamatórios e é um rico antioxidante.
Chá verde: proporciona uma ação estimulante, adstringente, antibacteriana, e combate os radicais livres, caracterizando um potente efeito antioxidante na pele.
Capim-Limão: possui ação antifúngica, antibactericida, anti-inflamatória e antioxidante. Estudos recentes e exclusivos Bioart, apontam que o Capim Limão possui FPS 4. Garantindo assim, uma ação poderosa de fotoproteção.
Argilas Biomicronizadas: Promovem rejuvenescimento cutâneo, efeito tensor, ativam a circulação, tem efeito cicatrizante e ação anti-inflamatória.
Composição: Cymbopogon citratus flower water, Simmondsia Chinensis (Jojoba) Seed Oil, Jojoba Esters, Polyglyceryl-2- Stearate, Glyceryl Stearate, Stearyl Alcohol, Aqua, Propanediol, Kaolin, *Titanium Dioxide, Zinc Oxide, Ethyl Macadamiate, Silica, Stearic Acid, Euterpe oleracea fruit oil, Tocopherol, Phospholipids, Olive Oil Peg-7 Esters, Calendula officinalis flower extract, Heptyl Undecylenate, Tapioca Starch, Ethyl Olivate (and) Olea Europaea ( Olive) Leaft Extract, Ethylhexyl Olivate, Camellia sinensis leaf extract, Glyceryl Caprylate./*Titanium Dioxide (*nano free).


Fórmula livre de: parabenos, sulfatos, talco, PABA, benzofenoma, oxibenxona, óleo mineral, silicones, fragrâncias sintéticas, agrotóxicos, corantes e produtos de origem animal. Não é testado em animais.
Por que usar?
Indicação
O Protetor Solar Facial Natural e Vegano com Cor FPS 30 da Bioart é indicado para todos os tipos de pele. Sem restrições para gestantes e lactantes.

Como usar?
Aplique o Protetor Solar Facial Natural e Vegano com Cor FPS 30 da Bioart por todo rosto, pescoço e colo antes da exposição ao sol. Reaplique após suar ou molhar, e durante exposição prolongada ao sol. Recomendada a reaplicação a cada 2h de exposição solar.


Precauções
Havendo irritação suspenda o uso. É necessária a reaplicação do produto para manter a sua efetividade. Ajuda a prevenir as queimaduras solares. Para crianças menores de 6 (seis) meses, consulte um médico. Este produto não oferece nenhuma proteção contra insolação. Evite exposição prolongada ao sol. Se a quantidade aplicada não for adequada, o nível de proteção será significativamente reduzido.";118.0;10;"1678741729926-tratamento2...webp";8;12;0;"1678741729926-tratamento2.webp";""
20;"Água Micelar Natural Immortelle 240ml";"O que ele é?
O Água Micelar Natural Immortelle da Arte dos Aromas é enriquecida com extratos vegetais de immortelle, aloe vera e óleo essencial de melaleuca provenientes da agricultura orgânica. A Água Micelar Natural limpa, tonifica, hidrata, protege e remove a maquiagem e as impurezas na poluição do dia a dia. A Água Micelar Immortelle é sem parabenos, sem perfume, sem álcool e sem perfume, por conter o óleo essencial de melaleuca que é antisséptico, antifúngico, germicida, antibacteriano e antiviral apresenta ótimos resultados se aplicado em machucados, pele inflamada e com acne.


Características:
Produto Natural e Vegano com ingredientes Orgânicos
Hidrata e controla a oleosidade
Antioxidantes Naturais que auxilia na renovação da pele
O que ele tem?
Ingredientes
Composição: Aqua, Aloe Barbadensis Extract, Melaleuca Alternifolia Water, Dicaprylyl Carbonate , Sodium PCA , Biosaccharide gum-1, Decyl Glucoside, Helichrysum Stoechas Extract, Dehydroacetic Acid, Benzyl Alcohol.


Fórmula livre de: parabenos, liberadores de formol, corantes e fragrâncias sintéticas, solubilizantes, sulfatos e produtos de origem animal. Não é testado em animais.
Por que usar?
Indicação
O Água Micelar Natural Immortelle da Arte dos Aromas é indicada para todos os tipos de pele.

Como usar?
Aplique a Água Micelar Immortelle da Arte dos Aromas na pele com auxílio de uma Ecopad ou algodão. Não é necessário enxaguar. Também pode ser usado na área dos olhos.


Precauções
Uso externo. Manter fora do alcance de crianças. Em caso de irritação suspender o uso.";37.0;10;"1678741791456-tratamentos3.webp";8;13;0;"";""
21;"Protetor Solar Natural Facial e Corporal FPS 30 UVA 15 50g";"O que ele é?
O Protetor Solar Natural Facial e Corporal FPS 30 UVA 15 (nova fórmula) da Khor Cosmetics é um protetor que pode ser usado todos os dias com alta proteção UVB (30) e UVA (15). Ele é um filtro solar que oferece alta proteção contra os efeitos nocivos da radiação solar. O Protetor Solar Natural da Khor Cosmetics é inovador, pois contém partículas micronizadas que mantém uma alta performance sem prejudicar o corpo e o meio ambiente. Ele foi desenvolvido com bioativos de origem natural a base de algas marinhas, calêndula, aloe vera orgânica e camomila que tem um poderoso efeito antioxidante e antienvelhecimento auxiliando na prevenção de rugas e no envelhecimento precoce da pele ocasionado pelas radiações solares.
O Protetor Solar Natural da Khor Cosmetics é formulado com ingredientes orgânicos e certificação IBD de produtos naturais, além de ter certificação PETA que assegura que nenhum animal foi machucado e nenhum ingrediente animal foi usado.
A Khor Cosmetics também é parceira da Eu Reciclo que é o modelo de compensação ambiental como solução para a logística reversa. A compensação ambiental, neste caso, consiste em destinar de forma ambientalmente correta uma massa de resíduos equivalente à massa das embalagens que uma empresa coloca no mercado.


Características:
Produto Natural certificado pelo IBD de Ingredientes Naturais
Certificado pela PETA Cruelty-free and Vegan
Empresa Parceira da Eu Reciclo
Antioxidante e hidratante
FPS 30 e UVA 15
Volume: 50g
O que ele tem?
Ingredientes
Composição:Aqua, *Aloe barbadensis leaf juice, Xanthan gum, Glyceryl stearate, Cetearyl Alcohol, Stearic acid, Sodium cocoyl glutamate, Cetyl alcohol, Caprylic/capric triglyceride, Callendula officinalis flower oil, Cetearyl olivate, Sorbitan olivaate, Glyceryl caprylate, Heptyl undecylenate, Butyrospermum parkii (shea) butter extract, Argania spinosa kernel oil, Spent grain wax, Tocopherol, Hydrogenated vegetable oil, Titanium dioxide, Silica, Zinc oxide, *Ocimum basilicum flower water, Lonicera caprifolium extract, Lonicera japônica (honeysuckle) flower extract, Chamomilla recutita flower extract, Porphyra umbilicalis extract, Sodium lactate, Sodium benzoate, Lavandula officinalis flower oil, Glycerin, Alcohol, Pyrus malus (apple) fruit extract, Vanilla planifólia fruit extract, Rubus idaeus (raspberry) leaf extract, Rubus fructicosus (blackberry) fruit extact, Vitis vinífera (grape) fruit extract, Prunus armeniaca (apricot) fruit extract and Citric acid.

*Ingredientes orgânicos certificados.

ANVISA nº 25351.770373/2020-44


Fórmula livre de: sal, sulfatos, parabenos, liberadores de formol, corantes e fragrâncias sintéticas, conservantes sintéticos, metais pesados e produtos de origem animal. Não é testado em animais.
Por que usar?
É Natural, Vegano e Cruelty free
Previne queimaduras solares sem o acumulo de resíduos na pele;
Mantém a hidratação da pele, evitando o ressecamento;
Mantém uma alta performance sem prejudicar o corpo e o meio ambiente;
Pode ser usado no corpo e rosto.

Indicação
O Protetor Solar Natural Facial e Corporal FPS 30 UVA 15 da Khor Cosmetics é indicado para todos os tipos de pele. Pode ser usado no corpo e no rosto.

Como usar?
Aplique o Protetor Solar Natural Corporal da Khor Cosmetics abundantemente antes da exposição ao sol. Reaplique após sudorese intensa, nadar ou banhar-se, secar-se com toalha e durante exposição prolongada ao sol.


Precauções
É necessária a reaplicação do produto para manter a sua efetividade. Ajuda a prevenir as queimaduras solares. Para crianças menores de 6 (seis) meses, consulte um médico. Este produto não oferece nenhuma proteção contra insolação. Evite exposição prolongada ao sol. Se a quantidade aplicada não for adequada, o nível de proteção será significativamente reduzido.";86.0;10;"1678741895047-trataamentos4...webp";8;14;0;"1678741895050-trataamentos4.png";""
22;"Esfoliante Dermo Detox 70ml";"O que ele é?
O Esfoliante Dermo Detox da Bioart faz uma esfoliação física por meio dos cristais de quartzo, que promovem um peeling natural na região, sem agredir a pele e sem ressecar. Possui também na sua composição, a Argila verde bio micronizada, que tem função secativa, antisséptica, bactericida e cicatrizante; a Copaíba, que tem atividade anti-inflamatória e cicatrizante, além de atuar na regeneração da pele, estimulando o aumento da elasticidade e firmeza; e o Capim-limão, com sua ação antimicrobiana, anti-inflamatória e antioxidante.
O Esfoliante Dermo Detox da Bioart faz uma limpeza profunda, removendo as células mortas e reduzindo os poros abertos, deixando a pele iluminada e com viço.


Características:
Produto Natural, Vegano e Cruelty Free
Esfoliação com cristais de quartzo
Limpeza profunda sem agredir
Antisséptica e Anti-inflamatória
Cicatrizante e Regeneradora
Pronto para uso
O que ele tem?
Ingredientes
Argila Verde: apresenta pH neutro, grande função absorvente, combate edemas, é secativa, emoliente, antisséptica, bactericida, analgésica, cicatrizante. Ela é indicada para peles oleosas e acneicas.
Copaíba: é anti-inflamatória e cicatrizante, além de regenerar o colágeno, melhorando a elasticidade da pele e deixando-a com aspecto firme e jovem.
Capim-Limão: possui ação antifúngica, anti bactericida, anti-inflamatória e antioxidante.
Composição: Xanthan gum, Sodium lauryl glucose carboxylate (and) lauryl glucoside, Decyl glucoside, Coco-Glucoside (and) Glyceryl oleate, Aloe Barbadensis Extract, Chamomilla recutita Flower Extract, Benzyl Alcohol/Glyceryl Caprylate/Glyceryl Undecylenate, Glycerin, Kaolin, Cetearyl Olivate (and) Sorbitan Olivate, Silica, Cetyl Palmitate (and) Sorbitan Palmitate (and) Sorbitan Olivate, Cymbopogon citratus Flower Water, Copaifera officinalis (and) Tocopherol, Aqua.


Fórmula livre de: parabenos, sulfatos, talco, óleo mineral, silicones, fragrâncias sintéticas, agrotóxicos, mirroplásticos, corantes e produtos de origem animal. Não é testado em animais.
Por que usar?
Indicação
O Esfoliante Dermo Detox da Bioart é indicado para todos os tipos de pele.

Como usar?
Após a higienização da pele, aplique o Esfoliante Dermo Detox da Bioart na zona T e nas áreas de cravos e poros dilatados (face e corpo), fazendo movimentos circulares. Pode ser usado duas vezes por semana ou uma vez ao dia. Uso noturno e/ou diurno.


Precauções
Contra indicado em peles sensíveis, após peelings ou concomitantes à procedimentos e produtos que irritem a pele. Havendo irritação suspenda o uso, não usar sob a pele ferida. Em caso de contato acidental com os olhos, lavar com água abundantemente. MANTER FORA DO ALCANCE DE CRIANÇAS. Conservar em local fresco. Uso externo. Não ingerir.";79.0;10;"1678741953878-tratamentos5...webp";8;12;0;"1678741953878-tratamentos5.webp";""
23;"Creme Hidratante Facial Orgânico Copaíba e Tea Tree 50g";"O que ele é?
O Creme Hidratante Facial Orgânico Copaíba e Tea Tree da Arte dos Aromas é composto por copaíba, cupuaçu, tea tree e vitamina E, ingredientes responsáveis por nutrir e melhorar a elasticidade da pele, recuperando a sua vitalidade. O tea tree é conhecido por suas propriedades tonificantes e bactericidas, enquanto a copaíba tem efeito anti-inflamatório e regenerador cutâneo. O creme hidratante facial orgânico copaíba e tea tree ajuda no combate aos radicais livres por ser um poderoso antioxidante natural.


Características:
Produto Natural, Vegano e Orgânico certificado pela Ecocert
Possui propriedades regeneradoras, tonificantes e cicatrizantes
Combate os radicais livres
Melhora a elasticidade da pele
O que ele tem?
Ingredientes
Composição: Aqua/Water,

Aloe Barbadensis Extract*

, Cetearyl Olivate, Sorbitan Olivate, Sodium PCA,

Copaífera Officinalis(balsam copaíba) resin*

, Dehydroacetic Acid, Benzyl Alcohol,

Theobroma Grandiflorum Seed Butter *

, Xanthan Gum,

Melaleuca Alternifolia Oil*

,

Cymbopogon Citratus Oil*

, Citral, Linalool, Geraniol, d-Limonene.

*Produtos Orgânicos Certificados pela Ecocert


Fórmula livre de: parabenos, sulfatos, formaldeídos, corantes artificiais, fragrância sintética, derivados de petróleo, substâncias geneticamente modificadas e substâncias irradiadas e produtos de origem animal. Não é testado em animais.

Por que usar?
Indicação
O Creme Hidratante Facial Orgânico Copaíba e Tea Tree da Arte dos Aromas é indicado parpa todos os tipos de peles.

Como usar?
Com o rosto limpo, espalhe delicadamente o Creme Hidratante Facial Orgânico Copaíba e Tea tree da Arte dos Aromas na pele até sua completa absorção.


Precauções
Havendo irritação suspenda o uso, não usar sob a pele ferida. MANTER FORA DO ALCANCE DE CRIANÇAS. Conservar em local fresco. Uso externo. Não ingerir.";61.0;10;"1678742041981-tratamentos6...png";8;13;0;"1678742041984-tratamentos6.png";""
24;"Leite Cremoso Corporal 240ml ";"O que ele é?
O Leite Cremoso Corporal Natural da Livealoe é rico em ativos naturais, como o gel de aloe vera, que possui aminoácidos, enzimas, mucopolissacarídeos, vitaminas A, C, D, E, complexo B e sais minerais, que atuam favorecendo a hidratação e nutrição da pele, o óleo de babaçu, que promove maciez e repõe a camada lipídica e o extrato de uva, que possui ação antioxidante, que retarda o envelhecimento e o aparecimento de rugas, devolvendo a suavidade e flexibilidade da pele. Pode ser utilizado com fins de hidratação diária da pele, para proteção contra radicais livres e para alívio de reações cutâneas em diversas dermatoses inclusive psoríase.


Características:
Produto Natural e Vegano certificado pelo IBD
Possui propriedades hidratantes, nutritivas e antioxidantes
Possui pH fisiológico
Deixa a pele macia, protegida e perfumada
O que ele tem?
Ingredientes
Composição: Aloe barbadensis* leaf Juice (Gel de Aloe vera orgânica Certificada), Piper umbellatum* Leaf Extract (Extrato de Pariparoba Certificada), Vitis vinifera Fruit Extract (Extrato de Uva), Lavandula angustifolia oil (Óleo essencial de Lavanda), Lavandula Hybrida Oil (Óleo essencial de Lavandim), Citrus paradise Peel Oil (Óleo essencial de Grapefruit), Cananga odorata Flower Oil (Óleo essencial de Ylang Ylang), Styrax benzoin Resin (Óleo essencial de Benjoim), Orbignya oleifera Seed Oil (Óleo de Babaçu), Glicerin (Glicerina vegetal), Capric Caprilic Trigliceride (Triglicérides do ácido caprico/caprílico), Xathan Gum (Goma xantana), Ceteayl Olivate / Sorbitan Olivate, Cetyl Palmitate / Sorbitan Palmitate / Sorbitan Olivate (Olivato Ceteoestearilico/ Olivato sorbinato), Cetearyl alcohol (Álcool cetoestearílico), Potassium sorbate (sorbato de potássio), Aqua (Água).

100% do total dos ingredientes são de origem natural

*30,90% do total dos ingredientes são da produção orgânica


Fórmula livre de: parabenos, sulfatos, formaldeídos, corantes artificiais, fragrância sintética, derivados de petróleo, substâncias geneticamente modificadas e substâncias irradiadas e produtos de origem animal. Não é testado em animais.
Por que usar?
Indicação
O Leite Cremoso Corporal Natural é indicado para todos os tipos de pele.

Como usar?
Aplique o Leite Cremoso Corporal Natural da Livealoe na pele do corpo e do rosto com movimentos suaves e circulares de manhã e à noite.


Precauções
Havendo irritação suspenda o uso, não usar sob a pele ferida. MANTER FORA DO ALCANCE DE CRIANÇAS. Conservar em local fresco. Uso externo. Não ingerir.";67.0;10;"1678742129624-tratamentos7...jpg";8;6;0;"1678742129625-tratamentos7.jpg";""
25;"Desodorante Natural Lavanda e Camomila 55ml";"O que ele é?
O Desodorante Natural Lavanda e Camomila da Use Orgânico é formulado com uma tecnologia inovadora de neutralização enzimática, que através de enzimas naturais da cana-de-açúcar convertem o mau odor causado pelas bactérias presentes no suor em moléculas sem cheiro. Para garantir proteção total, esta ação ainda está combinada com outras tecnologias: a neutralização de pH, a atividade antibacteriana de alguns ativos e ingredientes que absorvem o suor.
Além de todos os benefícios, o novo Desodorante Roll-on de Lavanda e Camomila da Use Orgânico traz uma combinação perfeita de óleos essenciais de lavanda, alecrim e melaleuca, que garantem um aroma aconchegante e a proteção que você precisa no seu dia a dia. A natureza aliada à ciência para proporcionar a maior eficácia!


O que só ele é?
• Produto Natural e Vegano
• 0% alumínio e perfumes sintéticos
• Neutralização enzimática do mau odor
• Com óleos essenciais de lavanda e alecrim
• Dermatologicamente testado
• Volume: 55ml
O que ele tem?
Composição(INCI): Acqua, tapioca starch, grycerin, magnesium hydroxide, saccharomyces ferment, xanthan gum, glyceryl caprylate, lavandula angustifolia oil,

cocos nucifera oil*

, chamomilla recutita flower extract, rosmarinus officinalis oil,
melaleuca alternifolia leaf oil*

, caprylhydroxamic acid.
Composição(português): Água, goma de tapioca, glicerol, hidróxido de magnésio, fermento de saccharomyces, goma xantana, caprilato de glicerila, óleo de lavanda angustifolia,

óleo de coco*

, extrato de flor de camomila, óleo de alecrim,

óleo de tea tree*

, ácido caprilhidroxâmico.

*Ingredientes orgânicos


Fórmula livre de: alumínio, álcool, glúten, parabenos, sulfatos, talco, óleo mineral, silicones, fragrâncias sintéticas, agrotóxicos, corantes e produtos de origem animal. Não é testado em animais.

Por que usar?
É vegano e Cruelty-free;
Eficácia desodorante 24hs (Sniff Test)
Possui ativos naturais bactericidas;
Regula o pH das axilas;
Hidrata e protege as axilas sem obstruir os poros;
Contém óleos puros de lavanda, alecrim, melaleuca* e coco* (*orgânicos);
Axilas livres e planeta saudável;
Não contém glúten.

Indicação
O Desodorante Natural Lavanda e Camomila da Use Orgânico é indicado para todos os tipos de pele.

Como usar?
Aplique o Desodorante Natural Lavanda e Camomila da Use Orgânico nas axilas limpas e secas. Repita o procedimento sempre que desejado.


Precauções
Havendo irritação suspenda o uso, não usar sob a pele ferida. Em caso de contato acidental com os olhos, lavar com água abundantemente.";29.0;10;"1678742241554-corpo1...png";9;15;0;"1678742241557-corpo1.png";""
26;"Desodorante Natural Lemongrass e Sálvia 55ml";"O que ele é?
O Desodorante Natural Lemongrass e Sálvia da Use Orgânico é formulado com uma tecnologia inovadora de neutralização enzimática, que através de enzimas naturais da cana-de-açúcar convertem o mau odor causado pelas bactérias presentes no suor em moléculas sem cheiro. Para garantir proteção total, esta ação ainda está combinada com outras tecnologias: a neutralização de pH, a atividade antibacteriana de alguns ativos e ingredientes que absorvem o suor.
Além de todos os benefícios, o novo Desodorante Roll-on de Lemongrass e Sálvia da Use Orgânico traz uma combinação perfeita de óleos essenciais de lemongrass, sálvia e melaleuca, que garantem um aroma refrescante e a proteção que você precisa no seu dia a dia. A natureza aliada à ciência para proporcionar a maior eficácia!


O que só ele é?
• Produto Natural e Vegano
• 0% alumínio e perfumes sintéticos
• Neutralização enzimática do mau odor
• Com óleos essenciais de lemongrass e sálvia
• Dermatologicamente testado
• Volume: 55ml
O que ele tem?
Composição(INCI): Acqua, tapioca starch, grycerin, magnesium hydroxide, saccharomyces ferment, xanthan gum, glyceryl caprylate, cymbopogon flexuosus oil,

cocos nucifera oil*

, salvia officinalis leaf extract, salvia sclarea oil,
melaleuca alternifolia leaf oil*

, caprylhydroxamic acid.
Composição(português): Água, goma de tapioca, glicerol, hidróxido de magnésio, fermento de saccharomyces, goma xantana, caprilato de glicerila, óleo de lemongrass,

óleo de coco*

, extrato de folha de sálvia, óleo de sálvia,

óleo de tea tree*

, ácido caprilhidroxâmico.

*Ingredientes orgânicos


Fórmula livre de: alumínio, álcool, glúten, parabenos, sulfatos, talco, óleo mineral, silicones, fragrâncias sintéticas, agrotóxicos, corantes e produtos de origem animal. Não é testado em animais.

Por que usar?
É vegano e Cruelty-free;
Eficácia Desodorante 24 horas (Sniff Test)
Possui ativos naturais bactericidas;
Regula o pH das axilas;
Hidrata e protege as axilas sem obstruir os poros;
Contém óleos puros de lemongrass sálvia, melaleuca* e coco* (*orgânicos);
Axilas livres e planeta saudável;
Não contém glúten.

Indicação
O Desodorante Natural Lemongrass e Sálvia da Use Orgânico é indicado para todos os tipos de pele.

Como usar?
Aplique o Desodorante Natural Lemongrass e Sálvia da Use Orgânico nas axilas limpas e secas. Repita o procedimento sempre que desejado.


Precauções
Havendo irritação suspenda o uso, não usar sob a pele ferida. Em caso de contato acidental com os olhos, lavar com água abundantemente. MANTER FORA DO ALCANCE DE CRIANÇAS. Conservar em local fresco. Uso externo. Não ingerir.";29.0;10;"1678748689190-corpo2...png";9;15;0;"1678748689194-corpo2.png";""
27;"Desodorante de Pedra Natural Stick Kristall Sensitive 90g";"O que ele é?
O Desodorante Stick Kristall Sensitive 90g da Alva é formulado com cristal de alúmen de potássio, um poderoso mineral natural antibacteriano que impede a proliferação de bactérias causadoras de maus odores. Com moléculas grandes que não são absorvidas pela pele, ele reduz levemente a transpiração sem entupir os poros. A pedra é solta dentro do estojo, facilitando o uso. Não contém álcool, corantes, perfume, parabenos, triclosan e cloridrato de alumínio.


Características:
Produto Natural e Vegano
Desodorante livre de cloreto e cloridrato de alumínio
Protege a pele contra os maus odores
Não entope os poros
Embalagem de plástico reciclável
Dura aproximadamente 18 meses

Indicação
O Desodorante Stick Kristall Sensitive 90g da Alva é indicado para todos os tipos de pele.

O que ele tem?
Apenas um ingrediente:
Alum (sal mineral 100% natural).
Esse mineral extraído da natureza age na pele combatendo as bactérias causadoras do mau cheiro, diminuindo o odor da região das axilas. Apesar de não ter ação antitranspirante, ele regula a produção de suor.


Fórmula livre de:óleo mineral, parafinas e outros derivados de petróleo, silicones, parabenos, ftalatos, tolueno, laurel, sulfato de sódio, cloridrato de alumínio, polietilenoglicóis (PEGs, liberadores de formaldeído, corantes e fragrâncias sintéticas, triclosan, metais pesados, talco e produtos de origem animal. Não é testado em animais.
Por que usar?
É Natural e Vegano
É livre de cloreto e cloridrato de alumínio;
Pedra Solta e Embalagem de Plástico reciclável;
Não causa irritações e não entope os poros;
Permite a transpiração natural e saudável do organismo;
Combate bactérias causadoras dos maus odores;
Dura aproximadamente 18 meses.
Como usar?
Umedeça apenas o cristal em água corrente e aplique o Desodorante natural e vegano Kristall Sensitive da Alva nas axilas limpas e secas. Após o uso, seque e armazene no estojo.
Reaplique sempre que necessário. Cada corpo é único e por conta disso é difícil definir a quantidade de reaplicações. Para algumas pessoas se faz necessária a reaplicação a cada 4 horas. Já para outras a cada 6 ou 8 é o suficiente. Também vale levar em consideração o estilo de vida e a temperatura do local onde a pessoa reside.
Dica:Lave bem as axilas e parte interna dos braços com uma buchinha vegetal. Isso ajuda na remoção das células mortas e eliminação das bactérias causadoras do odor. Adicione vinagre branco na máquina de lavar roupas. Ele auxiliará na higienização por suas propriedades bactericidas.Troque sutiãs e tops com frequência.


Precauções
Havendo irritação suspenda o uso, não usar sob a pele ferida. MANTER FORA DO ALCANCE DE CRIANÇAS. Conservar em local fresco. Uso externo. Não ingerir.";59.0;10;"1678748767547-corpo3...webp";9;16;0;"1678748767548-corpo3.webp";""
28;"Desodorante Spray Natural Alecrim & Capim-limão 120ml";"O que ele é?
O Desodorante Spray Natural Alecrim e Capim-limão da Arte dos Aromas contém cristal de alumen, um poderoso mineral antimicrobriano que elimina das axilas as bactérias que causam mau cheiro e óleos essenciais de alecrim, capim-limão, limão siciliano e vetiver, que auxiliam na prevenção do suor excessivo, refrescam e revitalizam a pele delicada das axilas. O desodorante spray natural alecrim e capim-limão não é um antitranspirante, não obstrui os poros e ainda oferece proteção de longa duração.


Características:
Produto Natural e Vegano
Possui propriedades revitalizantes, antissépticas e bactericidas
Desodorante livre de Alumínio
Aroma herbal e cítrico
O que ele tem?
Ingredientes
Óleo Essencial de Alecrim: revigorante, estimulante da circulação e antisséptico.
Óleo Essencial de Lemongrass (Capim Limão): tonificante, bactericida e antifúngico.
Óleo Essencial de Vetiver: hidratante, anti-inflamatório e regenerador.
Óleo Essencial de Limão Siciliano: refrescante, cicatrizante, clareador da pele.
Extrato de Alecrim: antisséptico, bactericida e estimulante da oxigenação da pele.
Composição: Aqua/Water, Potassium Alum, Capim Limão, Alecrim.


Fórmula livre de: cloridrato de alumínio, álcool, triclosan, óleo mineral, parabenos, sulfatos, formaldeídos, corantes artificiais, fragrância sintética, derivados de petróleo, substâncias geneticamente modificadas e substâncias irradiadas e produtos de origem animal. Não é testado em animais.
Por que usar?
É Natural, Vegano e Cruelty-free;
Não obstrui os poros e protege a pele delicada das axilas;
Combate as bactérias causadores do mau odor.

Indicação
O Desodorante Spray Natural Alecrim e Capim-limão da Arte dos Aromas é indicado para todos os tipos de pele.

Como usar?
Após o banho, seque as axilas e vaporize o Desodorante Spray Natural de Alecrim e Capim-limão da Arte dos Aromas. Reaplique sempre que necessário.


Precauções
Havendo irritação suspenda o uso, não usar sob a pele ferida. MANTER FORA DO ALCANCE DE CRIANÇAS. Conservar em local fresco. Uso externo. Não ingerir.";28.0;10;"1678748840839-corpo4...webp";9;16;0;"1678748840839-corpo4.webp";""
29;"Kit 3 Desodorante Natural Lavanda e Camomila 55ml";"O que ele é?
O Kit com 3Desodorante Natural Lavanda e Camomila da Use Orgânico é formulado com uma tecnologia inovadora de neutralização enzimática, que através de enzimas naturais da cana-de-açúcar convertem o mau odor causado pelas bactérias presentes no suor em moléculas sem cheiro. Para garantir proteção total, esta ação ainda está combinada com outras tecnologias: a neutralização de pH, a atividade antibacteriana de alguns ativos e ingredientes que absorvem o suor.
Além de todos os benefícios, o novo Desodorante Roll-on de Lavanda e Camomila da Use Orgânico traz uma combinação perfeita de óleos essenciais de lavanda, alecrim e melaleuca, que garantem um aroma aconchegante e a proteção que você precisa no seu dia a dia. A natureza aliada à ciência para proporcionar a maior eficácia!


Características:
• Produto Natural e Vegano
• 0% alumínio e perfumes sintéticos
• Neutralização enzimática do mau odor
• Com óleos essenciais de lavanda e alecrim
• Dermatologicamente testado
• 3 unidades
• Volume: 55ml
O que ele tem?
Composição(INCI): Acqua, tapioca starch, grycerin, magnesium hydroxide, saccharomyces ferment, xanthan gum, glyceryl caprylate, lavandula angustifolia oil,

cocos nucifera oil*

, chamomilla recutita flower extract, rosmarinus officinalis oil,
melaleuca alternifolia leaf oil*

, caprylhydroxamic acid.
Composição(português): Água, goma de tapioca, glicerol, hidróxido de magnésio, fermento de saccharomyces, goma xantana, caprilato de glicerila, óleo de lavanda angustifolia,

óleo de coco*

, extrato de flor de camomila, óleo de alecrim,

óleo de tea tree*

, ácido caprilhidroxâmico.

*Ingredientes orgânicos


Fórmula livre de: alumínio, álcool, glúten, parabenos, sulfatos, talco, óleo mineral, silicones, fragrâncias sintéticas, agrotóxicos, corantes e produtos de origem animal. Não é testado em animais.

Por que usar?
É vegano e Cruelty-free;
Eficácia Desodorante 24 horas (Sniff Test)
Possui ativos naturais bactericidas;
Regula o pH das axilas;
Hidrata e protege as axilas sem obstruir os poros;
Contém óleos puros de lavanda, alecrim, melaleuca* e coco* (*orgânicos);
Axilas livres e planeta saudável;
Não contém glúten.

Indicação
O Desodorante Natural Lavanda e Camomila da Use Orgânico é indicado para todos os tipos de pele.

Como usar?
Aplique o Desodorante Natural Lavanda e Camomila da Use Orgânico nas axilas limpas e secas. Repita o procedimento sempre que desejado.


Precauções
Havendo irritação suspenda o uso, não usar sob a pele ferida. Em caso de contato acidental com os olhos, lavar com água abundantemente.";88.0;10;"1678749097418-corpo5...webp";9;15;0;"1678749097418-corpo5.png";""
30;"Batom Líquido Matte Natural e Vegano 5ml";"O que ele é?
O Batom Líquido Matte Natural e Vegano da Benecosé formulado com óleo de rícino e jojoba, que nutrem e hidratam os lábios deixando-os macios e aveludados. Possui alta pigmentação e durabilidade, com textura macia e de fácil espalhabilidade, que promove maior conforto e praticidade na hora da aplicação e garante um visual perfeito para todas as ocasiões. O amido de milho fornece o efeito matte ao batom. O Batom Líquido Matte Natural e Vegano da Benecos está disponível em 5 cores: Desert Rose, Coral Kiss, Trust In Rust, Rosewood Romance e Bloody Berry.


Características:
Produto Natural e Vegano com certificação Ecocert Cosmos Organic
Cor de alta pigmentação e longa duração
Hidrata e nutre os lábios
Enriquecido com óleo de rícino nutritivo e óleo de jojoba
Fórmula não pegajosa
Livre de chumbo e outros metais pesados
O que ele tem?
Ingredientes
Composição: undecane, ricinus communis (castor) seed oil*, zea mays (corn) starch*, oleic/linoleic/linolenic polyglycerides, tridecane, glyceryl rosinate, polyglyceryl-4 caprate, silica, copernicia cerifera cera/ copernica cerifera (carnauba) wax*, hydrogenated jojoba oil, polyglyceryl-3 diisostearate, parfum (fragrance)**, lecithin, tocopherol, ascorbyl palmitate, citric acid, [+/- (may contain) mica, ci 77742 (manganese violet), ci 77491 (iron oxides), ci 77492 (iron oxides), ci 77499 (iron oxides), ci 77891 (titanium dioxide), ci 77007 (ultramarines)].

*Ingrediente de origem orgânica certificado

**Proveniente naturalmente dos óleos essenciais


Fórmula livre de: parabenos, chumbo, mercúrio, triclosan, óleo mineral, silicones, conservantes, corantes e fragrâncias artificiais. Livre de testes em animais e ingredientes de origem animal.
Por que usar?
Indicação
O Batom Líquido Matte Natural e Vegano da Benecos é indicado para todos os tipos de lábios.

Como usar?
Aplicar delicadamente o Batom Líquido Matte Natural e Vegano da Benecos sobre os lábios. Retoque quando necessário.
Dica: Antes de usar o batom, faça uma esfoliação labial, isso irá deixar seus lábios muito mais uniformes e bonitos.


Precauções
Havendo irritação suspenda o uso, não usar sob a pele ferida. MANTER FORA DO ALCANCE DE CRIANÇAS. Conservar em local fresco. Uso externo. Não ingerir.";89.0;10;"1678760450339-maquiagem1...gif";10;17;0;"1678760450340-maquiagem1.gif";""
31;"Batom Natural e Vegano 4g";"O que ele é?
O Batom Natural e Vegano da Care Natural Beauty é feito com ingredientes naturais e orgânicos de alta performance e fórmula totalmente vegana e sem crueldade animal. Possui ingredientes orgânicos e naturais que nutrem e hidratam os lábios, com cores deslumbrantes, muito confortável, com textura soft matte.


Características:
Produto Natural e Vegano de Alta Performance
Ótima pigmentação e durabilidade
Ingredientes que promovem alta nutrição
Preenchimento das linhas finas
Combate o envelhecimento precoce da pele
O que ele tem?
Ingredientes:
Esqualano de Oliva: aliado para a hidratação e restauração da pele, formando uma barreira de proteção contra a perda de água, e com o seu uso contínuo, auxilia prevenindo e atenuando linhas de expressão, por ser um excelente antioxidante.
Composição: SRicinus Communis Seed Oil, C10-18 Triglycerides, Euphorbia Cerifera (Candelilla) Wax, Tapioca Starch, Caprylic/Capric Triglycerides, Theobroma Cacao Seed Butter, Silica, Copernicia Cerifera (Carnauba) Wax, Euterpe Oleracea (Açai) Fruit Oil*, Helianthus Annuus (Sunflower) Seed Oil, Tocoph- erol, Helianthus Annuus (Sunflower) Seed Wax. Pode Conter +/-: Titanium Dioxide, Ci 77492, Ci 15850, Ci 16035, Ci 77491, Ci 77499, Ci 73360, Ci 77007, Ci 45410, Ci 15985, Ci 16035, Ci 16035:1, Ci 77288, 15985:1, 16035:1, Ci 15850:2. PROC. ANVISA No 25351.752677/2018-13.

*Ingrediente orgânico.


Fórmula livre de: chumbo, metais pesados, parabenos, sulfatos, formaldeídos, corantes artificiais, fragrância sintética, derivados de petróleo, substâncias geneticamente modificadas e substâncias irradiadas e produtos de origem animal. Não é testado em animais.
Por que usar?
Indicação
O Batom Natural e Vegano da Care Natural Beauty é indicado para todos os tipos de lábios.

Como usar?
Aplique o Batom Natural e Vegano da Care Natural Beauty nos lábios limpos e secos.


Precauções
Havendo irritação suspenda o uso, não usar sob a pele ferida. MANTER FORA DO ALCANCE DE CRIANÇAS. Conservar em local fresco. Uso externo. Não ingerir.";84.0;10;"1678760528431-maquiagem2...webp";10;18;0;"1678760528432-maquiagem2.webp";""
32;"Batom Cremoso Orgânico 4g";"O que ele é?
O Batom Cremoso Orgânico da Arte dos Aromas é vegano e possui propriedades hidratantes, antioxidantes e nutritivas deixando os lábios macios e aveludados. Elaborado com extrato de romã, vitamina E, manteiga de cacau e óleo de jojoba, garante uma hidratação duradoura e ótima cobertura.


Características:
Produto Natural, Vegano e Orgânico certificado pela Ecocert
Possui textura cremosa
Proporciona hidratação e proteção de longa duração
Rico em antioxidantes naturais
O que ele tem?
Ingredientes
Extrato de Romã: antioxidante, regenerador e rejuvenescedor.
Extrato de Damasco:cicatrizante, hidratante e revitalizante.
Manteiga de Cacau: hidratante, antioxidante, emoliente e restauradora.
Manteiga de Karité: regeneradora natural, hidratante e anti-inflamatória.
Óleo de Jojoba: cicatrizante, hidratante e anti-inflamatório.
Óleo de Rícino: hidratante, antibacteriano e anti-inflamatório.
Óleo de Rícino: hidratante, antibacteriano e anti-inflamatório.
Óleo de Oliva: hidratante, anti-inflamatório e antioxidante.
Óleo de Soja: adstringente, calmante, emoliente e nutritivo.
Manteiga de Palma: hidratante, anti-inflamatória e antibacteriana.
Extrato de Bambu: antioxidante, rejuvenescedor e revitalizante.
Composição: Ricinus Communis Seed Oil*, C 10-18 Triglyccerides, Prunus Armeniaca Kernel Extract, Hydrogenated Olive Oil Stearyl Esters, Glycine Soja Oil*, Hydroxystearic/Linolenic/Oleic Polyglycerides, Parfum (Fragrance), Tocopherol, Butyrospermum Parkii Butter*, Olea Europaea Fruit Oil*, Theobroma Cacao Seed Butter*, Phyllostachis Bambusoides Rhzome Extract*, Simmondsia Chinensis Seed Oil*, Elaeis Guineensis Butter*, Punica Granatum Fruit Extract*, Bambusa Arundinacea Stem Powder. May Contain: CI 77891 (Titanium Dioxide), CI 77491 (Iron Oxides), CI 77))7 (Ultramamrines), CI 77742 (Manganese Violet), CI 77820 (Silver).

100% do total dos ingredientes são de origem natural/50% do total dos ingredientes são da agricultura orgânica


Fórmula livre de: chumbo, metais pesados, parabenos, sulfatos, formaldeídos, corantes artificiais, fragrância sintética, derivados de petróleo, substâncias geneticamente modificadas e substâncias irradiadas e produtos de origem animal. Não é testado em animais.
Por que usar?
Indicação
O Batom Cremoso Orgânico da Arte dos Aromas é indicado para todos os tipos de peles.

Como usar?
Aplique o Batom Cremoso Orgânico da Arte dos Aromas nos lábios limpos e secos. Caso seus lábios estejam ressecados, utilize um balm labial natural antes da aplicação.


Precauções
Havendo irritação suspenda o uso, não usar sob a pele ferida. MANTER FORA DO ALCANCE DE CRIANÇAS. Conservar em local fresco. Uso externo. Não ingerir.";59.0;10;"1678760615650-maquiagem3.webp";10;13;0;"";""
33;"Batom Natural Cremoso e Vegano 4g";"O que ele é?
O Batom Natural Cremoso e Vegano da Almanati é formulado com ativos orgânicos que promovem hidratação aos lábios por mais tempo. Rico em vitamina E, que atua como antioxidante que protege a pele dos lábios contra a ação dos radicais livres e danos causados pelos raios UV. Com manteiga de murumuru e o puro óleo de castanha do Brasil que hidratam, regeneram e auxiliam na prevenção do envelhecimento precoce tornando-a mais macia e suave. Desliza facilmente pelos lábios e tem uma ótima cobertura sem pigmentos sintéticos e metais pesados.


Características:
Produto Natural, Vegano e Certificado pelo IBD
Rico em ativos hidratantes e Vitamina E
Cobertura Cremosa
Embalagem de papel reciclável
3 Cores com Alta Pigmentação
O que ele tem?
Ingredientes:
Vitamina E: atua como antioxidante que protege a pele dos lábios contra a ação dos radicais livres e danos causados pelos raios UV.
Manteiga de Murumuru: Rico em ácidos graxos, especialmente o mirístico e láurico repõe os lipídios perdidos pelos fios, hidratando-os e nutrindo-os profundamente.
Óleo Vegetal de Castanha do Brasil: rico em nutrientes como selênio e ácido oleico, substâncias essenciais nos processos de formação do tecido epitelial, hidrata e regenera a pele ajuda a prevenir o envelhecimento precoce tornando-a mais macia e suave.
Composição: Ricinus Communis Seed Oil, Euphorbia Cerifera Wax, C10-18 Tryglycerides, Coco-Caprylate/Caprate, Astrocaryum Murumuru Seed Butter, Bertholletia Excelsa Seed Oil, Tocopherol, Mentha Piperita Flower Oil. Pode conter: CI 77891, CI 77742, CI 77491, CI 77492, CI 77499.


Fórmula livre de: chumbo, metais pesados, parabenos, sulfatos, formaldeídos, corantes artificiais, fragrância sintética, derivados de petróleo, substâncias geneticamente modificadas e substâncias irradiadas e produtos de origem animal. Não é testado em animais.
Por que usar?
Indicação
O Batom Natural Cremoso e Vegano da Almanati é indicado para todos os tipos de lábios.

Como usar?
Aplique o Batom Natural Cremoso e Vegano da Almanati nos lábios limpos e secos. Caso seus lábios estejam ressecados, utilize o Protetor Labial Natural da Almanati antes da aplicação.


Precauções
Havendo irritação suspenda o uso, não usar sob a pele ferida. MANTER FORA DO ALCANCE DE CRIANÇAS. Conservar em local fresco, arejado e ao abrigo de luz. Uso externo. Não ingerir.";59.0;10;"1678760677163-maquiagem4.webp";10;19;0;"";""
34;"Pó Facial Natural Bionutritivo com Proteção Solar FPS 25 4g";"O que ele é?
O Pó Facial Natural e Vegano Bionutritivo da Bioart é composto por um blend de argilas coloridas e tapioca, ingredientes poderosos que trazem equilíbrio, firmeza, tonicidade e uma barreira de proteção solar natural à pele. É o único pó de tratamento biomimético do Brasil, uma tecnologia exclusiva que imita de forma natural a cor da pele, sem uso de corantes sintéticos, proporcionando uma tez aveludada e com efeito matte. Protege a pele dos raios UV e das fortes luzes artificiais que também são responsáveis pelo surgimento de manchas e envelhecimento precoce.
O que só ele é?
Produto Vegano, Natural e com Proteção Solar.
Nutre a pele e protege contra os raios solares e luzes artificiais
Promove o aumento da elasticidade e equilibra a oleosidade sem ressecar
Minimiza os poros, cobre imperfeições e não marca as linhas de expressão
Possui acabamento matte aveludado
Cores: #1, #3 e #4 com FPS 25. Cor #2 com FPS35
O que ele tem?
Argilas Especiais de Fonte Renovável e Sustentável: estimulantes da síntese de colágeno na pele, protetoras e firmadoras. Tapioca: oferece disfarce óptico das linhas de expressão, nutritiva e garante toque suave e aveludado à pele.
Composição Natural e Orgânica: argilla/montmorillonite/kaolin/mica, titanium dioxide, tapioca starch.
Fórmula livre de: glúten, fragrância sintética, corante sintético, estrogênio, parabenos, ingredientes sintéticos tóxicos, ingredientes geneticamente modificados. Não testado em animais.

Por que usar?
O Pó Facial Natural e Vegano Bionutritivo da Bioart é indicado para todos os tipos de pele, e auxilia na proteção solar e na proteção da luz azul.

Como usar?
Aplique o pó facial natural da Bioart diariamente espalhando suavemente com a esponja em todo o rosto. Pode ser retocado ao longo do dia para potencializar sua ação.
Dica: utilize sempre após o Primer Bionutritivo e a Base Líquida Bionutritiva para obter uma pele muito mais bonita, saudável e com proteção solar física natural.
Precaução
Havendo irritação suspenda o uso, não usar sob a pele ferida. MANTER FORA DO ALCANCE DE CRIANÇAS. Conservar em local fresco. Uso externo. Não ingerir.";92.0;10;"1678837538461-maquiagem5.webp";10;12;0;"";""
35;"Pó Facial Mineral Solto Orgânico e Vegano 10g";"O que ele é?
O Pó Facial Mineral Orgânico e Vegano da Benecos retira o brilho da pele e fixa ainda mais a maquiagem. O Pó facial Mineral Natural é utilizado para matificar a pele e fixar ainda mais a maquiagem. É o ajudante ideal para garantir uma aparência suave e perfeita. Sua combinação de ingredientes ativos de minerais naturais com óleo de argan orgânico que ajuda na regeneração celular, sendo capaz de eliminar o aparecimento de manchas da idade e cicatrizes, além de ser um excelente fungicida e bactericida natural, e o óleo de girassol orgânico É fonte de vitamina E, que é uma excelente hidratante e regeneradora da pele, além de contar com as vitaminas D, C e A, acentuam-se suavemente na pele e o óleo essencial de camomila orgânica acalma e neutraliza irritações. Todos os ingredientes são Naturais, Orgânicos e Veganos.


Características:
Produto Natural, Orgânico e Vegano certificado pela BDIH
Auxilia no controle da oleosidade
Protege sua pele de fatores externos sem ressecar.
Cores: Translucido, Light Sand, Sand, Medium Beige
O que ele tem?
Ingredientes:
Óleo Vegetal de Argan Orgânico: regenerador celular, sendo capaz de eliminar o aparecimento de manchas da idade e cicatrizes, além de ser um excelente fungicida e bactericida natural.
Óleo Essencial Orgânico de Camomila: possui ação calmante e anti-inflamatória na pele.
Óleo Vegetal de Sementes de Girassol Orgânico: protege sua pele e a deixa com uma sensação sedosa, melhora a função natural de proteção da pele.
Composição:) Mica, Zea Mays Starch(Amido de Milho)*, Caolina, Zinco Stearate, Silica, Capilato de Glicerilo, Argania spinosa kernel oil (Óleo de Argan)*, Parfum (Fragrância Natural), Tocoferol, Helianthus Anuus (Óleo de Sementes de Girassol)*, Chamomilla Recutita (Matricaria) Flower Extract (Óleo Essencial de Camomila)*, CI 77891, CI 77492, CI 77491, CI 77499.

*ingredientes orgânicos certificados


Fórmula livre de: glúten, fragrância sintética, corante sintético, estrogênio, parabenos, ingredientes sintéticos tóxicos, ingredientes geneticamente modificados. Não testado em animais. Sem produtos de origem animal.
Por que usar?
Indicação
O Pó Facial Mineral Orgânico e Vegano da Benecos é indicado para todos os tipos de pele.

Como usar?
Após a base e o corretivo, com um pincel para pó ou esponja passe delicadamente com pequenas batidinhas o Pó Facial Mineral Orgânico e Vegano da Benecos na pele, para finalizar sua maquiagem utilize uma água termal para maior durabilidade e acabamento perfeito.


Precauções
Havendo irritação suspenda o uso, não usar sob a pele ferida. Em caso de contato acidental direto com os olhos, lavar com água abundantemente. MANTER FORA DO ALCANCE DE CRIANÇAS. Conservar em local fresco. Uso externo. Não ingerir.";90.0;10;"1678837585889-maquiagem6.png";10;17;0;"";""
36;"Pó Facial Translúcido Orgânico, Natural e Vegano 18g";"O que ele é?
O Pó Facial Translúcido Orgânico, Natural e Vegano da Cativa Natureza equilibra a pele, absorve a oleosidade e suor sem ressecar, se adapta em todas as tonalidades de pele, sela a maquiagem e reduz o brilho. Formulado com argila, auxilia no controle da oleosidade e minimiza a aparência dos poros, deixando a pele com aparência suave e macia Permitindo que a pele respire, além de promover troca iônica que revitaliza a pele minimizando aspecto de pele cansada.


Características:
Produto 100% Natural, Orgânico e Vegano certificado pela IBD
Embalagem Biodegradável e Reciclável
Adaptável para todos os tons de peles
Feito com Argila que trata sua pele sem ressecar
O que ele tem?
Ingredientes
Argila: componente de origem mineral, coletada diretamente do solo, composta por alumínio (óxido de alumínio), sílica (óxido de silício) e água.
Composição: Kaolin (argila).


Fórmula livre de: parabenos, corantes sintéticos, fragrâncias artificiais, ingredientes derivados de petróleo e ingredientes de origem animal. Não é testado em animais.
Por que usar?
Indicação
O Pó Facial Translúcido Orgânico, Natural e Vegano Branca da Cativa Natureza é indicado para todos os tipos de pele.

Como usar?
Após o uso da base, com uma esponja ou pincel, aplique o Pó Facial Translúcido Orgânico, Natural e Vegano da Cativa Natureza com suaves pressões sobre a pele. Também pode ser utilizado na pele limpa e hidratada para controlar o brilho e obter acabamento aveludado.


Precauções
Havendo irritação suspenda o uso, não usar sob a pele ferida. Em caso de contato acidental com os olhos, lavar com água abundantemente. MANTER FORA DO ALCANCE DE CRIANÇAS. Conservar em local fresco. Uso externo. Não ingerir.";99.0;10;"1678837655583-maquiagem7...webp";10;8;0;"1678837655585-maquiagem7.png";""
